block name,point 1,point 2,point 3,point 4,point 5,point 6,point 7,point 8,point 9,Sill,Coat 1 Cracking,Coat 1 Loss,Coat WGT SCR,SILL 2,Coat 4 Cracking,Coat4 Loss,Coat 4 WGT SCR,Cap Deterioration,Structural Cracking,Cracking Wall Junction,Out of Plane,Lintel Deteriration,Height,fireplace?,foundation height,elev 1 foundation disp,ele 1 foundation mortar condition,foundation height 2,ele 2 foundation displ,ele 2 foundation mortar condition,Wall NRM SCR ,Wall WGT SCR,Total Scr,Wall Rank,Bracing
5701A,"1071.7758146243225, 950.6807736773573","1071.7758146268002, 978.7297903788732","954.7069602578731, 978.7297903788732","954.7069602578731, 906.7586686536538","999.2688144881715, 906.7586686536538","999.2688144852384, 949.8081675522354","1067.9576296514808, 950.0871648491686","1071.77581462427, 950.0871648488312","1071.7758146268002, 978.7297903788732",3,3,4,3,3,3,3,6,1,1,0,1,0,5,2,7,0,3,0,0,0,0.32,320,433,52,0
5701B,"1214.103442242654, 950.6807736871023","1071.7758146174401, 950.6807736773573","1071.7758146268002, 978.7297903788732","1214.1034422387768, 979.3078906712151",,,,,,3,3,3,3,4,1,0,1,5,2,0,3,,5,1,5,0,2,0,,,0.6,600,714,6,0
5702A,"1332.619598717986, 979.3150463676345","1446.3752924875907, 979.315046345279","1446.3752924875907, 952.5150300228365","1332.6195987185647, 952.5150300451921","1332.619598717986, 979.3150463676345",,,,,,1,1,1,,2,1,3,2,0,1,0,,5,2,5,0,2,0,,,0.32,320,413.6666667,55,0
5703A,"1636.8486055016488, 906.4103581430256","1636.8486055025808, 954.3338582554227","1643.3332654976944, 954.3338582563606","1643.333265497155, 979.3150463717417","1471.8391682553968, 979.3150463680388","1471.8391682553968, 952.5150300237385","1595.6353164065606, 952.5150300198673","1595.6353164065606, 906.4103581430259","1636.8486055016488, 906.4103581430256",1,2,3,2,2,,,0,4,2,1,2,2,5,1,7,0,4,4,,,0.533333333,533.3333333,657.3333333,16,0
5703B,"1643.333265493507, 983.2830416236934","1643.3332654976944, 954.3338582563606","1774.7363939255097, 954.3338582629729","1774.7363939758056, 983.2830416388102","1643.3332654767623, 983.2830416231177",,,,,2,2,1,2,1,,,0,4,2,1,2,1,5,1,9,0,3,18,0,3,0.5,500,577,26,0
5703C,"1774.7363939255097, 979.3150463745786","1774.7363939255097, 954.3338582629729","1857.4021465151545, 954.3338582668309","1857.4021465173914, 906.4103581365065","1893.3701079059736, 906.41035813873","1893.3701079014663, 979.3150463771401","1774.7363939255097, 979.3150463844426",,,1,1,1,1,2,,,0,3,1,1,0,1,5,1,12,3,4,3,,,0.366666667,366.6666667,445.6666667,48,0
5704A,"2276.3006864754884, 979.4910010764544","2276.30068647562, 948.3266277906102","2083.1197387419616, 948.3266277906102","2083.1197387375496, 979.4910010828786","2276.3006864720755, 979.4910010921875",,,,,4,2,2,2,1,,,0,3,0,0,1,3,5,1,21,2,4,30,0,2,0.4,400,476,43,0
5704B,"2276.3006864720755, 979.4910010764544","2434.459866879641, 979.4910010764544","2434.459866879772, 948.326627791278","2276.3006864735776, 948.3266277836567","2276.3006864754884, 979.4910010921875",,,,,4,2,2,2,3,3,2,5,3,2,0,1,3,5,0,23,2,4,20,0,4,0.466666667,466.6666667,582.6666667,24,0
5705A,"2491.5881624177428, 825.7030609585843","2528.2956842904377, 825.6730609585843","2528.2947654531554, 635.1328001092062","2491.587243580828, 635.1328001091322","2491.5881624177428, 825.7030609585843",,,,,,2,1,2,,,,0,1,1,1,1,3,5,0,15,0,2,33,3,3,0.4,400,509,38,1
5705B,"2491.587243580828, 635.132800101336","2491.587243580828, 517.7776160798846","2528.554314993446, 517.7776160807633","2528.554314993209, 635.1328001092069","2491.587243580828, 635.132800101336",,,,,2,2,2,2,1,,,0,3,2,1,0,2,5,0,16,1,2,33,1,3,0.433333333,433.3333333,527.3333333,35,0
5705C,"2491.5872435626434, 517.7776160798846","2491.5872435626434, 348.17695845662337","2528.5543149974783, 348.1769584575021","2528.554314993446, 517.7776160807633","2491.587243580828, 517.7776160798846",,,,,,3,1,3,,,,0,5,2,2,0,3,5,0,23,1,2,32,2,2,0.566666667,566.6666667,678.3333333,11,0
5705D,"2528.5543149974783, 348.1769584575021","2528.5543149974783, 218.5418915012731","2491.462354825388, 218.54189150179252","2491.462354822306, 348.17695845662047","2528.5543149974783, 348.1769584575021",,,,,1,2,2,2,2,,,0,2,1,1,1,3,5,0,21,1,1,33,0,2,0.433333333,433.3333333,521.3333333,36,1
5705E,"2528.5543149974783, 218.5418915012731","2528.5543149974783, 91.23621448221353","2491.462354831686, 91.23621448478062","2491.462354825388, 218.54189150179252","2528.5543150005587, 218.54189150267422",,,,,,2,2,2,,,,0,3,1,0,3,2,5,0,25,0,0,33,0,1,0.466666667,466.6666667,556.3333333,31,1
5705F,"2491.462354831686, 91.23621448478062","2491.310297981957, 5.3729241229000575","2528.5543150056274, 5.306968021334079","2528.554315011575, 91.23621448221353","2491.462356282012, 91.23621448221353",,,,,,1,1,1,,0,0,0,1,3,,0,,1,0,17,1,1,34,5,3,0.25,250,348.3333333,61,0
5706A,"2136.1146216047528, 6.001946543349419","1991.9835309271168, 6.304917099080021","1991.9835309271168, 35.72133087239692","2136.114105131145, 34.530812035192824","2136.1146216047528, 6.001946543349419",,,,,3,3,3,3,2,,,0,4,2,1,3,2,5,1,11,1,0,33,4,2,0.566666667,566.6666667,636.6666667,17,1
5706B,"2269.771590551047, 5.739210369666453","2136.1145704155524, 6.001946643974584","2136.114105131145, 34.530812035192824","2223.851276958566, 34.53081203519284","2223.825753200492, 35.97274444502487","2269.7848149954316, 35.972744444976534","2269.771590551047, 5.739210369666453",,,4,3,3,3,4,,,0,3,1,1,1,4,5,1,10,1,1,32,0,2,0.5,500,582,25,0
5706C,"2269.79803944132, 20.674339890215066","2269.771590551047, 5.739210369666453","2399.531487381588, 5.535456874125993","2399.5582971025988, 20.674339889400628","2269.79803944132, 20.674339890215066",,,,,4,2,2,2,3,,,0,5,,1,1,3,5,0,16,1,3,32,0,3,0.6,600,666,13,1
5706D,"2445.447846318906, 35.97274444460753","2491.364487755733, 35.972744444511065","2491.310297981957, 5.3729241229000575","2399.531487381588, 5.535456874125993","2445.4478463188743, 20.674339889304125","2399.5582971025988, 20.674339889400628","2399.531487381588, 5.535456874125993",,,3,2,2,2,3,1,0,1,5,0,,0,,5,0,14,1,2,34,2,1,0.5,500,564,28,0
5707A,"1473.316787887032, 36.7139388967497","1372.686191452304, 36.713938899573954","1372.6861914525548, 6.431646219921892","1473.316787887032, 6.431646220755694","1473.316787887882, 36.7139388967497",,,,,1,3,1,3,1,,,0,1,0,1,0,,1,2,8,0,2,23,4,3,0.12,120,155,65,0
5707B,"1473.316787887032, 6.431646220755694","1473.316787887032, 36.7139388967497","1637.9368035128346, 36.890455066912516","1637.936803513087, 6.431646222119705",,,,,,5,1,1,1,3,,,0,5,2,1,1,5,5,1,0,,,24,0,3,0.633333333,633.3333333,701.3333333,8,0
5707C,"1637.9368035147759, 6.431646222142992","1637.9368035128346, 36.890455066912516","1814.9240753218874, 36.89045507349902","1814.9240753142003, 6.431646223586184",,,,,,5,2,0,2,4,1,3,4,4,1,1,1,1,5,1,5,0,0,26,2,4,0.433333333,433.3333333,541.3333333,34,0
5707D,"1814.9240753142003, 6.431646223586184","1814.9240753218874, 36.89045507349902","1893.4722990935645, 36.89045506330314","1893.4722990938167, 6.43164622423702","1814.9240753142003, 6.431646244060459",,,,,,3,4,3,,,,0,3,1,1,0,,1,2,12,0,2,27,5,2,0.24,240,338.3333333,62,0
5708A,"951.657830582599, 8.099522437295851","951.657830582599, 40.14436858035216","999.2688144903808, 40.144368586580995","999.2688144903607, 34.991220636418994","1168.2726933226218, 34.691928636590006","1168.2249211666094, 7.715999871727172",,,,4,2,2,2,3,1,1,2,5,3,1,0,1,5,1,7,0,1,19,2,3,0.5,500,616,20,0
5708B,"1168.2249211666033, 7.71599987172719","1168.2726933225804, 34.69192861325217","1223.5690181806656, 34.69192861346723","1223.569018180771, 7.552524359091157",,,,,,3,4,4,4,2,1,0,1,1,0,2,0,,2,0,9,0,3,20,1,2,0.2,200,291,64,0
5709A,"827.4812651578923, 137.5332257792032","827.4812651578923, 155.42049359077092","763.1591680716757, 155.4204935907708","763.1591680714098, 136.43740285991203","827.4812651578918, 136.43740285991203","827.4812651578923, 137.5932257792032",,,,,2,1,2,,,,0,1,0,0,0,,2,2,5,0,0,7,0,1,0.12,120,137.3333333,66,0
5709B,"827.4812651578923, 155.42049359077092","966.4315149422712, 155.4204935870459","966.431514936195, 129.7530432931473","827.4812651578918, 129.7530432931473","827.4812651578923, 155.42049359077092",,,,,,4,4,4,,,,0,4,2,5,1,,5,1,7,0,1,0,,,0.68,680,783.3333333,1,0
5710A,"962.3101860101451, 89.78142326034794","962.3101860142508, 129.7530432935706","966.4315149413399, 129.7530432931473","966.4315149422712, 155.4204935870459","953.8093077369942, 155.4204935954278","953.8056759112178, 393.1963347373207","999.2688144917561, 393.36141876987597","999.2688144838869, 89.78142326518318","962.3101860101451, 89.78142326034794",,4,3,4,,,,0,3,0,2,0,,5,0,6,0,4,12,1,3,0.4,400,518.3333333,37,0
5710B,"999.268814490574, 89.78142326518318","962.3101860101451, 89.78142326034794","962.3101860099518, 40.144368580311486","999.2688144903808, 40.14436858016759","999.2688144838869, 89.78142326518318",,,,,,4,1,4,,,,0,5,2,2,0,,5,2,0,,,8,0,3,0.56,560,672.6666667,12,0
5711A,"819.6318443301473, 392.709127785219","819.63212935141, 431.18724904144057","1112.8966733195282, 431.18724904144057","1112.8966733185962, 393.7740199613342","819.6318443301473, 392.709127785219",,,,,,1,2,1,,1,1,2,2,0,1,1,,5,0,10,0,1,10,0,2,0.36,360,452,46,0
5712A,"1004.0284811116587, 558.6862829443752","1004.028481112058, 596.9271130634104","712.9418577773174, 596.9271130634104","712.9418577769181, 558.6862829443752","1004.0284811116587, 558.6862829443752",,,,,3,2,2,2,3,,,0,3,0,2,4,2,5,0,3,,,14,0,2,0.533333333,533.3333333,659.3333333,15,1
5712B,"1004.0284811121812, 594.4044668315865","1259.185010884142, 594.4044668315867","1259.185010884141, 596.9271130527347","1267.05188568099, 596.9271130527826","1267.0518856887497, 558.6862829484902","1004.0284811116587, 558.6862829443752",,,,,2,2,2,,,,0,3,1,2,5,2,5,0,9,0,3,14,0,2,0.6,600,700.3333333,9,1
5712C,"1267.05188568099, 596.9271130527826","1483.904350625949, 596.9271130527825","1483.9043506263342, 558.6862829506744","1267.0518856887497, 558.6862829484902","1267.0518856887497, 596.9271130527826",,,,,,4,3,4,,3,3,6,1,2,2,5,3,5,0,4,,,20,3,3,0.6,600,742.6666667,3,1
5713A,"954.7069602578731, 906.7586686536538","954.7069602191425, 596.9271130637592","999.2688145092809, 596.9271130634104","999.2688144881715, 906.7586686536538","954.7069602578731, 906.7586686592241",,,,,,3,2,3,,,,0,2,0,2,0,,5,0,3,,,1,,,0.36,360,479.3333333,42,0
5714A,"1222.3201306287176, 594.4044668335794","1222.3201306287176, 906.5499204690444","1259.1850108822566, 906.5499204692687","1259.185010884142, 594.4044668315867","1222.3201306287176, 594.4044668314901",,,,,3,4,3,4,1,,,0,3,1,1,2,,5,0,3,,,5,0,2,0.48,480,557,30,0
5715A,"1223.569018179269, 393.77401995857707","1223.5692952903298, 431.1842569337847","1260.5360896028099, 431.1842569337848","1260.5360896028099, 103.31749366501865","1223.5690181803989, 103.31749366487487","1223.569018179269, 393.77401995857707",,,,,3,1,3,,1,0,1,3,0,0,3,,5,0,10,0,4,12,1,3,0.44,440,557.6666667,29,1
5715B,"1260.5360896116688, 103.31749366501865","1260.5360896132863, 7.552524359091157","1223.569018180771, 7.552524359091157","1223.569018180771, 103.31749366501866","1260.5360896116688, 103.31749366564306",,,,,1,3,2,3,1,1,0,1,1,0,0,2,,2,0,13,0,4,21,1,4,0.2,200,296,63,0
5716A,"1372.6861914542287, 105.29770903771244","1331.4729023394623, 105.29770903726622","1331.4729023091907, 393.5129634003481","1372.6861914658894, 393.5129633986807","1372.6861914690098, 105.29770903771244","1331.4729023394623, 105.29770903338375",,,,,4,2,4,,2,1,3,3,1,0,1,,5,0,10,0,2,18,5,3,0.4,400,497.6666667,41,0
5716B,"1372.6861914542287, 105.29770903771244","1331.4729023394623, 105.29770903726622","1331.4729023405328, 6.431646219580407","1372.686191451454, 6.431646219580407","1372.6861914542287, 105.29770903771244",,,,,1,5,1,5,2,,,0,1,1,0,1,,5,0,21,3,2,10,2,4,0.32,320,409,56,0
5717A,"1373.8328878104962, 766.03023883403","1332.6195987073218, 766.0302388321505","1332.61959874397, 952.5150300451921","1373.8328878019913, 952.5150300321494","1373.8328878104962, 766.0302388298919",,,,,5,3,3,3,3,1,0,1,2,1,1,3,,5,0,3,,,7,0,3,0.48,480,623,19,1
5717B,"1332.6195987073218, 766.0302388321505","1373.8328878104962, 766.03023883403","1373.8328878104962, 596.9271130527826","1332.619598698055, 596.9271130660875","1332.6195987073218, 766.0302388321505",,,,,,4,1,4,,,,0,3,3,1,4,,5,0,2,,,8,1,3,0.64,640,723.3333333,5,1
5718A,"1502.696184454103, 393.52111145056347","1502.6964634232322, 431.1821893386062","1642.1848688531443, 431.1811560978921","1642.2472166882092, 394.4553455525142","1502.696184454103, 393.52111145056347",,,,,,1,2,1,,,,0,2,0,0,2,,5,0,20,0,2,20,0,1,0.36,360,446,47,0
5718B,"1906.751529537274, 394.6202925831111","1642.1845968110886, 394.4552392454317","1642.1848688531443, 431.1811560978921","1906.7518003422042, 431.1791963556156","1906.751529537274, 394.6202925831111",,,,,,2,2,2,,,,0,2,2,1,3,2,5,0,15,1,2,18,1,3,0.5,500,605,22,1
5718C,"2112.8057908314677, 393.7110435949184","2004.0241057010644, 393.7118493735474","1965.0335556186712, 394.64015805314756","1906.751529537274, 394.6202925831111","1906.7518003422042, 431.1791963556156","2112.8057908314677, 431.1791963556156","2112.8055132936015, 393.7110435969741",,,,2,1,2,,1,1,2,2,1,1,1,3,5,0,17,3,3,23,0,3,0.433333333,433.3333333,570,27,0
5719A,"1595.6353164065606, 906.4103581430259","1595.6353164091745, 595.153799364469","1636.8486054955958, 595.1537993593467","1636.8486055016488, 906.4103581430256","1595.6353164051188, 906.4103581443146",,,,,,3,3,3,,,,0,3,2,3,2,,5,0,10,0,1,10,0,3,0.6,600,711.6666667,7,0
5720A,"1590.7419573750344, 36.839849717010196","1590.741957412944, 393.5211114442311","1631.955246486885, 394.4378733156575","1631.955246509674, 36.890455066352125","1590.7419573750344, 36.839849717010196",,,,,,3,2,3,,,,0,3,0,1,0,,5,0,40,1,4,22,2,3,0.36,360,465,44,0
5721A,"1893.3701079146401, 766.2168355476907","1893.3701079059736, 906.4103581365065","1857.4021465173914, 906.4103581365065","1857.4021465173914, 766.2168355476907","1893.3701079146401, 766.2168355499143",,,,,3,2,2,2,3,1,0,1,3,1,1,1,,5,0,10,0,3,13,1,4,0.44,440,545,33,0
5721B,"1857.4021465239348, 766.2168355476907","1893.3701079146401, 766.2168355476907","1893.3701079146401, 560.6071287323587","1857.4021465335313, 560.6071287323587","1857.4021465335313, 766.2168355476907",,,,,,4,3,4,,1,1,2,3,2,,2,,5,0,10,0,3,9,0,2,0.6,600,736,4,1
5722A,,,,,,,,,,,3,2,3,,1,0,1,4,0,2,2,,5,0,14,0,3,23,0,1,0.52,520,606,21,0
5722B,"1858.0038927440723, 71.30505446715794","1858.0038927446099, 36.89045506500505","1893.4722990935645, 36.89045506330314","1893.4722990966773, 71.30505446715793","1858.0038927440723, 71.30505446715794",,,,,1,3,3,3,2,2,1,3,3,0,0,1,,5,0,16,1,2,31,3,3,0.36,360,444,49,0
5723A,"1966.8046957686324, 761.5037881913461","1966.8046957718389, 917.1729272214545","2003.771767173995, 917.1729272213563","2003.7717671735813, 761.5037881913461","1966.8046957686324, 761.5037881921074",,,,,5,3,1,3,4,2,1,3,1,1,,4,,5,0,10,0,4,15,0,4,0.55,550,666,13,1
5723B,"1966.8046957644551, 558.686282955538","1966.8046957686324, 761.5037881913461","2003.7717671735813, 761.5037881912478","2003.771767175624, 558.6862829559103","1966.8046957644551, 558.6862829566718",,,,,,4,3,4,,,,0,2,0,0,2,,5,0,9,0,3,16,0,4,0.36,360,435.6666667,51,0
5724A,"1991.9835309271168, 6.304917099080021","1965.0335556237935, 6.304917099080021","1965.0335556186712, 394.64015805314756","2004.0241057010644, 393.7118493735474","2004.021453957723, 35.72133087239692","1991.9835309271168, 35.72133087239692","1991.9835309271168, 6.304917099080021",,,,3,3,3,,,,0,4,2,0,1,,5,0,30,2,2,23,2,1,0.48,480,592.6666667,23,1
5725A,"2003.7717671752291, 597.9013519805251","2229.3208584046897, 597.9013519876823","2229.3208584050853, 558.6862829581821","2003.771767175624, 558.6862829559103","2003.7717671731464, 597.9013519805251",,,,,,3,3,3,,,,0,4,1,0,3,2,5,0,14,0,2,23,0,2,0.5,500,632.6666667,18,1
5725B,"2271.0337025368694, 558.6862829586022","2271.033702519906, 595.1537993751791","2491.5872435809088, 595.1537993756248","2491.587243559954, 558.6862829608237",,,,,,,2,1,2,,,,0,2,1,1,1,0,5,0,15,0,2,28,0,2,0.333333333,333.3333333,440.3333333,50,0
5726A,"2380.6317057052092, 394.7818149465407","2169.1154121934833, 393.7106264926327","2169.115689722241, 431.17725293206297","2380.6317057052092, 431.17725293206297","2380.631705705206, 394.7818149465407",,,,,,1,3,1,,3,1,4,1,1,,1,,2,0,22,0,1,20,0,3,0.25,250,376.3333333,58,0
5727A,"2229.3208584046897, 597.9013519819221","2229.32085839357, 948.3266277994355","2271.0337025329445, 948.326627790588","2271.0337025368694, 558.6862829586022","2229.320858404637, 558.6862829586022","2229.320858404394, 597.9013519819221",,,,,3,2,3,,,,0,3,0,0,0,,5,0,20,0,3,18,0,3,0.32,320,419.3333333,54,0
5728A,"2223.825753198706, 93.28141251996668","2269.7848149981323, 93.28141251817456","2269.784814998132, 199.40348178379892","2223.8257531953977, 199.4034817837975","2223.82575319126, 93.28141251996668",,,,,,4,0,4,,,,0,2,,0,1,,2,0,20,0,1,15,2,3,0.25,250,421,53,0
5728B,"2223.825753198706, 93.28141251996668","2223.670913828325, 35.97274444502487","2269.7848149958963, 35.97274444502487","2269.784814999306, 93.28141251817456","2223.8258973327943, 93.36280199449092",,,,,,4,2,4,,,,0,2,0,0,0,,5,0,16,0,2,29,1,1,0.28,280,359.3333333,60,1
5729A,"2271.0337025339863, 844.9187327782948","2405.9006456293373, 844.9187327782948","2405.8977998914997, 825.700345344226","2271.033702545985, 825.7003453594814","2271.033702545985, 844.9187327782948",,,,,,2,1,2,,,,0,4,0,1,1,,5,1,19,1,4,12,0,2,0.44,440,503,40,1
5729B,"2405.9006456293373, 844.9187327784707","2528.5543149856703, 844.9187327813861","2528.5543149856703, 825.6858634121116","2405.8977998914997, 825.700345344226","2405.9006456293373, 844.9187327784707",,,,,2,2,1,2,,2,0,2,2,1,0,2,,5,2,18,0,4,21,1,3,0.4,400,462.6666667,45,1
5730A,,,,,,,,,,,1,0,1,,1,1,2,2,0,1,0,,5,1,20,1,1,29,1,4,0.32,320,380.3333333,57,1
5731A,"2491.5872435626434, 431.174864269453","2395.436737788152, 431.174864269453","2395.449140659797, 394.7868654783084","2491.5872435626434, 394.7868654783084","2491.5875131016182, 431.1748642674565",,,,,,2,0,2,,,,0,5,1,2,2,,5,0,23,0,1,20,0,2,0.6,600,694.6666667,10,0
5732A,"1527.1730554396427, 558.6862829511102","1527.1730554393364, 595.153799363894","1748.9768837598554, 595.153799363894","1748.9768837602226, 558.6862829533442","1527.1730554396427, 558.6862829514814",,,,,,3,2,3,,2,1,3,1,1,2,2,,5,0,7,,0,18,1,,0.44,440,555.6666667,32,0
5735A,"24.17916812029307, 30.531738754487566","24.17916812076305, 8.55131790594433","43.162295241821994, 8.55131790594433","43.162295241821994, 68.87437330930233","24.179168119968153, 68.87437330930236","24.17916812673002, 30.531738754487566",,,,,4,2,4,,4,3,7,,2,1,1,,2,0,,,,4,,,0.3,300,372,59,0
5740A,"34.98405870462216, 1004.1533176195676","34.98405870511897, 955.7076345629321","53.467594403958174, 955.7076345629321","53.46759440703704, 1004.1533176195674","34.98405870462216, 1004.1533176181149",,,,,,4,2,4,,,,0,,,1,3,,2,0,0,,,0,,,0.4,400,509,38,0
5740B,"34.98405870511897, 955.7076345629321","231.9528015930009, 955.7076345629321","231.9528015930009, 936.8745693960454","34.98405870511897, 936.8745693960454",,,,,,,4,4,4,,5,5,10,3,3,3,5,,2,0,,,,,,,0.64,640,761.6666667,2,0
5701C,"1214.1034422451828, 979.3078906712151","1259.1850108818128, 979.4910010654805","1259.1850108822566, 906.5499204692687","1222.3201306287176, 906.5499204692687","1222.3201306277863, 950.7141478821961","1214.103442242654, 950.6807736871023","1214.1034422451828, 979.3078906712151",,,,,,,,,,,,,,,,,2,,,,,,,,,,,